<?xml version="1.0" encoding="UTF-8"?>
<project-private xmlns="http://www.netbeans.org/ns/project-private/1">
    <editor-bookmarks xmlns="http://www.netbeans.org/ns/editor-bookmarks/2" lastBookmarkId="0"/>
    <open-files xmlns="http://www.netbeans.org/ns/projectui-open-files/2">
        <group>
            <file>file:/C:/Users/anala/Downloads/Refit/Refit/src/Visualizacao/Cadastro.java</file>
            <file>file:/C:/Users/anala/Downloads/Refit/Refit/src/Visualizacao/Home.java</file>
        </group>
        <group name="projeto">
            <file>file:/C:/Users/dsm2/Desktop/Técnicas%20de%20Programação/Refit1/src/Controle/Conexao.java</file>
            <file>file:/C:/Users/dsm2/Desktop/Técnicas%20de%20Programação/Refit1/src/Visualizacao/Home.java</file>
            <file>file:/C:/Users/dsm2/Desktop/Técnicas%20de%20Programação/Refit1/src/Visualizacao/Cadastro.java</file>
            <file>file:/C:/Users/dsm2/Desktop/Técnicas%20de%20Programação/Refit1/src/Modelagem/Usuario.java</file>
        </group>
    </open-files>
</project-private>
